MOF,Eform,Efermi,K,G
ABUWOJ,-0.72481763,-2.2440145,32.7002029046146,13.7363926321626
ACOLIP,-0.32574585,-1.6433337,21.6525743553532,10.9627375904901
AFITIT,-0.27385136,-1.3556793,19.8776807925315,12.051112761993
AGARUW,-1.3077809,-0.84456563,27.2254475707011,28.8095551541869
AHOKIR01,-0.9956769,-0.14697456,32.827611527746,21.56491469634
AMIKOX,-0.17152637,-1.2263539,15.4990384677829,7.27969389821969
AMILUE,-0.4306094,-1.3544729,19.7788478972549,14.2443975152194
AMIMEP,-0.43203962,-1.3492453,19.3281705091533,13.9440724104435
AMUCOB,-1.1419475,0.12418032,31.0259584376194,17.2268619677981
ANUGIA,-0.37042052,-2.7078912,39.2957488656379,15.0093717574363
APEBED,-0.7480586,-1.3748081,25.3580883916463,10.7069689444586
AROFET,-0.47698176,-2.1604865,25.6668497390914,11.556343294188
ATOXEN,-0.4371673,-1.2346528,18.7620231244432,13.6006213627295
AVAQIX,-0.4416129,-2.4111927,29.558337142923,12.0727327473923
AVEMOE,-0.19694403,0.162323,17.1172910339718,9.75621620281184
AVIMOI,-0.46830493,-0.5057552,19.2507771256245,12.3911641736155
AZIXUD,-0.6930714,-2.5423777,31.2536985307058,14.8000861734217
BAEDTA01,-1.040103,0.23198509,19.5974682398795,15.4651261184167
BALMUW,-2.2490578,0.21124578,27.250351851668,15.0448035864325
BALMUW01,-2.240314,0.16898417,27.0959190295807,14.2316841636437
BARZAW,-0.3838101,-0.3811338,18.9680378891443,10.4845638829357
BENXUP,-0.519225,-1.2483127,23.8320555684096,13.8740257602167
BEPMIU,-0.44476074,-1.3867424,15.8202950064503,8.50618270800596
BEPPAP,-0.4443612,-1.369086,15.7919941875972,8.45135557921238
BERFIP,-0.69749355,-0.104696274,31.5941711879288,20.9729866413901
BERGAI,-0.48091823,-0.9295852,21.9225105804731,13.6236748969956
BETGAK,-0.68654424,-2.9259584,34.2519180655104,18.8331190490676
BIBBUL,-0.30303577,-0.82530737,19.1585738040593,9.732189549296
BICDAU,0.058041457,-2.0298412,51.7139733508205,18.0096026637183
BOJCIN,-0.3583386,-0.38232827,16.8529475059794,9.4066409513427
BONWAD,-1.0916656,-1.2399795,35.7172605104696,20.7421780409956
BONWIL,-0.6755284,-0.69314694,24.128447444379,14.5684959215951
BOWQAG,-0.025552448,-0.21506739,28.1686658658726,12.4509043343405
BUVXOG,-0.07631233,-0.21984029,32.361212554973,13.8776364745396
BUVYEX,-0.068397224,-0.19962597,36.7693400515174,15.7117633043275
CANRUG,-0.49005693,-1.2078588,21.457357061217,13.6814197508794
CEGDUO,-0.061379116,-0.15026164,17.1833760591712,7.65947851077885
CEGWER,-1.2734772,-1.1079524,28.5929609690723,19.5464314627288
CEHZAR01,-0.35866767,-0.5030844,15.0848068235721,7.71754315851095
CESYEF,-0.34295848,-0.014971733,16.6961720328838,7.47586411603606
CESYEF01,-0.3424953,-0.0754714,16.825967410397,7.63668517796634
CICYIX,-0.9124385,-1.2531178,28.6002217241639,16.2087120320804
CIGYAU,-0.22549269,-0.078615904,15.860779787028,8.06274297888645
CISMAT01,-1.8396591,-2.712289,50.0772959598706,16.7448723324085
COGWEB,-0.32768264,-1.3605826,27.7313638825902,18.7141842630132
COYTEQ,-0.91823345,-0.81730413,30.1134063696585,21.7280501413814
CUHPUR,-0.36113676,-2.152418,24.9514917060115,10.9261442624852
CUMDIY,-1.0769227,0.5310769,27.9920891514272,21.440289264976
CUNFOH01,-0.09274006,1.1259973,26.0974002999936,11.0911746924751
CUNWEO,-0.38339448,-1.0582829,22.0442443617642,15.7098787610887
CUTKOS,-0.32861295,-0.66933393,18.5223828843921,11.2667665916178
CUYHIO,-0.3363838,-0.7823608,16.4000998352398,9.19032237520546
DAGDIZ,-0.7674112,-1.4704192,18.4466260378616,12.9551585335089
DAJHUS,-0.32877263,-0.41797972,20.8441252461703,13.8935454625168
DEGJIK,0.06566789,0.035939217,34.1146175541675,17.5979105680306
DEYDOA,-0.19706336,-2.016846,15.8420833185567,6.50558066269748
DEYLUQ,-0.23839474,-0.69363713,16.9375923433164,11.3238673892724
DEYVUA,-0.47401983,-2.7885106,38.9991511915968,16.0457644528841
DIDDOK,-0.39048037,-3.4037306,41.3073292937397,12.9795333025046
DOGZIJ,-0.39249334,-0.41418505,18.3585463863085,11.4363799173431
DOQGUM,-1.9520359,-0.5887873,34.5496146434791,23.4576014726383
DOTWAL,-1.3724045,-1.1999419,26.3871545050814,18.093827717764
DUBWON,-0.9026107,-2.5768864,32.4249917479326,12.8268660851015
DUXZIG01,0.109627485,-3.3484566,57.5885680519294,7.27217655829767
EBEMEF,0.0667365,-3.925708,63.4394925184392,6.18664603514752
EBEMII,-0.3276364,-0.96026444,17.7447030915786,8.75101051349333
ECAHAT,-0.28323874,-1.5340698,22.7653542703179,10.4984474376393
ECIWUJ,-0.47156715,-1.1883352,19.8599559999835,12.9555923795339
ECODEG,-0.44610417,-2.657942,25.7159388271667,11.1125304609381
EDADIX,-0.4710626,-0.8969786,21.2410788395779,13.6664851455665
EDUSIF,-0.69114965,-3.3276422,41.1016988320366,14.3981666088518
EKOPOK,-0.8609676,-2.2712777,30.9350526189761,13.9976683156833
ELAFUT,-0.56421167,-1.2796018,21.2418251507765,9.04045622604239
EMITUQ,-0.4335402,-1.482476,25.4322776259127,11.4729876997861
EQIWAD,-0.6613542,-0.20770645,24.2081210042548,11.7481868770051
ERUFUS,-0.088599935,-0.47872996,13.8297757736062,7.8876866422065
ESEVIH,-0.931991,-1.9459217,33.1593888638396,19.3026048873058
EXEWAG,-0.3316606,-1.2893016,19.9479990873124,10.999121364327
EZABEN,-0.26475185,-1.4536731,18.448089420171,9.95062906936067
EZUCIM,-0.3723774,-1.7135785,30.959415393835,14.6282135837417
FAGREM,-0.947065,-1.5339854,35.3520487934394,17.1802492001976
FAKLOU,0.061425745,-3.581042,30.9759399832309,8.18176352143596
FAPTIB,-0.38009912,-1.3851521,24.4355402828505,10.77822179464
FAPTOH,-0.37796977,-1.6963999,23.6368973611874,11.1458037521537
FECWOB01,-0.30786029,-0.8275316,22.9951770554615,17.4730299483767
FEFCUQ,-0.36695927,-1.6952922,23.1913381601032,13.771317814693
FEFDAX,-0.3839,-1.7415211,25.4352726057781,15.1231686911689
FERHAN,-0.49771005,-2.058963,31.823575025522,14.1167852585996
FEWGUL,-0.4669938,0.6072831,21.5522983482618,18.7514531961241
FEZREJ,-0.93288434,-3.0695183,32.2100525337833,13.9010985077876
FIGXAW,-0.565763,-0.3321185,21.0307729217892,10.5121733609586
FIJCUX,-0.7864861,-2.1264951,31.303142985678,14.3947405059365
FIJCUX01,-0.8013157,-2.0360544,31.1429283454087,14.6714739314406
FIPWOS,-0.50555944,-1.1074846,18.8722565425624,13.0714303589317
FIPWUY,-0.50526965,-1.1094377,18.7066192158156,12.9667066332655
FIPXEJ,-0.5089157,-0.959805,19.881997127416,13.1065678558471
FIQCEN,-0.64081824,-2.7796428,37.5610657590174,16.7015715908268
FIRVEH,-1.4015741,-1.834099,45.5821702747815,13.2003933330168
FUDQIF,-0.9271309,-2.080558,23.0710704928814,12.5947124135812
FUNBAS,-0.32018527,-0.9305146,23.5724743258575,15.2944447599191
FUNBEW,-0.3084579,-2.567311,35.5935427309489,12.0974693507849
FUNBIA,-0.3049518,-1.1858294,26.3682353376553,14.5926572920337
FUNBOG,-0.28911483,-2.3810103,36.793479854547,12.0610968428236
FUNCAT,-0.2886336,-1.0158803,26.8726834949088,15.9176483201196
FUNCEX,-0.27437764,-2.5765817,38.6912170187936,14.532322870197
FUSWIA,0.115736544,-1.1370342,51.8911166743335,9.54218593605846
GACQAE,-0.5108141,-2.037265,26.4641801005957,16.1599918819063
GALCED,-0.29787996,-0.9202192,20.0863777378481,10.9757538961664
GAXWEJ,-0.8376512,-1.503052,26.4308006514384,13.2937154496408
GAYFOD,0.07162495,-1.7269037,56.4763755485828,13.8964555690775
GAYFUJ,0.26090148,-1.6066496,48.1739319354384,10.9489703228911
GEDLIM,-0.3288148,-1.394129,21.820595139534,10.2108536543956
GEHSAN,-0.41426265,-0.02169013,26.3708193605052,13.1092303618563
GIFKIP,-0.21047139,-2.1372635,16.025116734957,6.63760966125329
GIMSIG,-0.72975284,-2.07984,25.2615560352619,10.7027641315797
GIMVAA,-0.12453315,-1.4958432,34.2354406869993,14.7327581144518
GINLIA,-0.37048742,-2.4732983,29.8525167267614,12.2134803350287
GITWIQ,-0.3391468,-0.9086318,28.2287998998883,19.1275823300729
GIZJOP,-0.1494189,-1.4075415,48.3925969451854,9.53103715281582
GOMRAC,-3.1360052,-2.2544396,23.843309862565,27.1666679222285
GOMREG,-3.134551,-2.0599802,23.2436665238168,27.1289842055154
GUFREF,-0.27673113,-1.1344373,17.2758250737047,8.10482458855135
GULPIN,-0.5424689,-1.6034544,18.7534349257237,12.4652735550503
GUWDUY,-0.3420226,-2.1127837,28.6814556904175,7.06995635525065
GUXLIU,-2.1080444,-0.7241039,42.5533648035223,21.7577777523908
GUYLOC,-0.35568115,-0.8476577,20.7817571867267,10.8862869568553
GUYLUI,-0.39695904,-0.21976662,17.7021547339886,9.57647549787943
GUYLUI01,-0.3979058,-0.24549794,17.7615784670394,9.55310389019168
GUYMAP,-0.35816717,-0.8787985,20.9735162796861,10.6763771069737
HABRIN,-0.3736722,-0.936784,21.6180766263568,12.7312251942308
HAFQOW,-0.84046113,-1.102637,24.5110736661875,12.6264852977504
HAFQUC,-0.90214056,-1.5268772,24.4250724302675,13.5072764664158
HAMJOW,-0.51927805,-3.0004165,40.7741299472474,14.9550667513292
HAZNON,-0.488289,-1.0418859,16.6554383580353,8.04189786180019
HEGJUZ,-0.38956615,-1.3557279,20.8297749592546,12.5787264881893
HEKTUO,-0.5507076,-0.76788497,18.1853987761452,12.5530954099197
HEXNII,-0.11058119,-0.48702002,16.0139434671397,7.34874239337453
HEZKIH,-0.60539705,-1.6381147,21.5797418270488,13.0124877145403
HICVUM,-0.38100615,-1.6639268,37.2496885869569,15.619463065742
HIFTOG,-0.7125816,-2.0336206,35.6800148858529,16.3186472447556
HIFTOG01,-0.6911127,-3.3280475,41.0654657905709,14.3949578238849
HIFTOG02,-0.7125974,-2.0299585,35.6983633719426,16.3302975759658
HIFVOI,-0.11407089,-1.5807221,51.0430392163734,10.5891121413093
HIHGOW,-0.39324877,-1.6902544,21.5535466351556,11.6589854907056
HIMSAY,0.006769415,-3.3864348,39.928846943391,19.2264432157278
HOWPOZ,-0.48262572,-1.4439895,18.6126586069893,16.3605061260807
HUHJAW,-0.1884503,-0.2777686,15.4098912180349,6.58426879532307
HUTTIA,-0.5877958,-1.627866,20.0358605168479,12.4759603284267
IBICAZ,-0.41076273,-0.93927526,16.1508257900244,9.26835182183561
IBICED,-0.37833,-0.87144923,15.2690669394843,9.06726394913045
IBICON,-0.37810248,-0.85427856,15.2625133110053,9.09180998488869
IBIDAA,-0.37770733,-0.8767352,15.1876486100845,8.78638972969114
IBUDOZ,0.066348456,0.033907175,34.0005385413958,17.1835128427649
ICANAD,-0.5704203,-0.32731462,22.3147386371941,8.70883141704341
ICANEH,-0.5736485,-0.22805643,22.5854148726242,9.02084629467918
IGOCOX,0.084360845,-1.2278678,33.5174843839063,15.7389569120973
IJENER,-0.40120393,-0.415596,13.0270759394457,10.7202023948517
ILOJEZ,-0.27493256,-0.29929972,19.5441298884709,12.053904956655
IMACZN01,-0.90785545,-1.6232159,23.2658864160361,14.9907818609975
IQUNAJ,-2.1431386,-1.8815138,26.9864295968113,11.1628913848025
IQUNAJ01,-2.1434143,-1.8790996,26.9968317204976,11.1682977604118
ISEQIH,-1.3429055,0.112731695,35.8244022900062,21.842282000242
ISIMAZ,-0.40194467,-0.32236862,17.685248437654,8.93683615773144
ISOHEE,-0.3730827,-1.7366574,30.0151377353532,13.0205839121091
IXISAJ,-0.120382756,0.20048475,16.4922319510882,8.75638076647232
IXISOX,-0.08302136,0.64338064,17.9650186102085,9.49308687831826
IXODUV,-0.82000977,-1.9332645,32.9001296169769,16.9285288451358
IXOFAD,-0.8241093,-2.0676014,32.1932584011549,16.4673841790249
IXOFEH,-0.8237871,-2.0572336,32.281596279439,16.5912197634481
IXOFIL,-0.8233928,-2.0865772,32.417427357696,16.6286877334915
IXUREZ,-0.44275618,-1.4391558,22.2569797358799,13.2166178754746
IYIGEC,-0.4961937,0.6462927,18.7954762764332,8.72946657051481
IYUJAO,-0.56236404,-0.841208,21.2088376020033,12.9999853100961
JAVNIE,0.05819976,-0.9641433,55.0768761879235,9.71625711285386
JIVFUQ,-1.1399636,-1.9545963,36.0445382289687,12.7267808541372
KAVROQ,-1.3724023,-2.8483083,40.024060644443,21.6167711999061
KAXQIL,-0.71711844,0.13013458,24.9150204744409,9.62998323814823
KAXQOR,-0.7158934,0.08103299,23.1354948597504,9.13436703232693
KAXQOR01,-0.7181915,0.094632626,24.2736882445044,9.68789226376185
KAYBIX,-0.9660865,-0.75125456,27.7107431167664,18.8908783149621
KAYBUJ,-0.9709747,-1.2407706,29.6678683769965,19.8271061059581
KEFBEE,-0.5212918,-3.299516,44.9021830552614,19.4814212779147
KEWZOD,-0.35392362,-1.9369237,30.8589789177483,14.6030914251071
KEXKAB,-0.65082014,-1.2275479,21.2812127381973,13.5344805767414
KEXKEF,-0.59154606,-1.5120509,18.6631935906441,10.5958314258909
KINHAS,-0.31291026,0.122387886,16.417927070947,9.06583793931232
KINKAV,-0.21040526,-0.9945955,17.7376857499694,9.97840729512897
KIXXOG,-0.6687699,-1.4276888,21.8704309046851,16.7501910870017
KIYMAI,-0.6671947,-1.370158,19.7492110228205,15.4713420696031
KOMHAW,-0.5828925,-1.3916042,34.0362739023836,16.8384282567759
KUNWEW,-0.46250522,-0.28425097,19.7618567291002,13.7222567801258
LABJUV,-0.042594913,0.4934144,15.3571465867344,7.0496864886595
LACJAC,-0.48841274,-0.6374357,23.5937391673424,15.0023365911264
LAGCED,-0.15578343,-1.5287435,20.2987979939828,7.60686341550769
LAGNUE,-0.88953555,-1.5778863,23.779185810654,17.5644143874677
LASYOU,-0.5427933,-2.4456842,40.2555251599073,17.580785327396
LAVSUY,-1.1050242,-1.315697,37.650478266008,22.5904741985514
LAWGEW,-0.6885319,-3.3162796,41.205918345141,14.4390621023097
LAWGIA,-0.6911969,-3.3259876,41.1071032586689,14.3985144019028
LAWGOG,-0.69115204,-3.326132,41.1053882070711,14.3944007062656
LAWGUM,-0.6911553,-3.3266728,41.1070242744577,14.395910110308
LEDCAA,-0.00010821223,-0.65240717,39.1560136696417,12.5020618938609
LEGGEK,-0.4242692,-0.9578378,23.5076977567936,15.296077933295
LELMIA01,-0.95501244,-1.3002722,29.7473413711503,15.9290779525081
LEMNOH,0.40973082,-3.2763789,50.1628121254428,26.8826580631307
LENRUS,-0.25819722,0.8042972,15.071115864095,6.88931168112617
LIFWEE,-0.5078477,-0.87525606,32.0427245804996,16.1569802892459
LIFWOO,-0.3922425,-0.9203961,19.0925737634107,10.4116222094482
LIHSEB,-0.044708524,-0.49168825,18.7282388163923,9.63650654070656
LIKFOB,-0.994594,-1.0529542,43.4318494173007,19.8859050098975
LOFZUB,-3.1303985,-3.2334034,13.4518653276504,26.9652746869554
LUVTEC,-0.4888605,-1.0788713,19.934621411599,12.1226426269276
MADVUJ,-0.15815888,0.51199484,14.1706015780815,6.97822348379244
MADWAQ,-0.14777036,1.7687457,14.443878401663,7.53578262886608
MAKXAZ,-0.35696083,-0.73877287,17.8124378469581,10.1231553095273
MATTUX,-0.38707522,-1.0759678,21.3669215169817,15.3067251218765
MATVAF,-0.37719968,-1.395941,25.5578868650161,19.2752846864819
MATVEJ,-0.35270697,-1.8918335,32.0437272709335,18.5900906085309
MEJQEZ,-0.3733012,-1.4001095,28.7059740641785,15.2548360720487
MIBQAR,-0.69041175,-3.3279746,41.104496859829,14.3052327523952
MIBQAR16,-0.689246,-3.2916286,41.0026497131113,14.0850544628503
MIBQAR18,-0.69111055,-3.326617,41.0948850772672,14.3925951611791
MIDRAT,-0.34355637,-0.85049534,17.9878103125839,8.12695035108858
MIHHOA,-0.34514385,-0.9625869,16.3989474518579,9.62634406108263
MIKJAR,-1.1993563,-0.22984338,36.8363971236627,24.4645531511292
MIMVEJ,-0.46816313,-1.8808544,20.8686791854835,10.9241680262658
MOCKEV,-0.49104047,-2.7290432,42.4180753844988,17.4140123281529
MODNIC,0.22489317,-4.270932,43.2340333483767,3.75569625556306
MOGVAG,-0.6606429,-0.7719884,32.6441697723681,16.1958858422711
MOYYEF,-0.3834534,-0.92858315,22.2513843132394,15.0699617233569
MOYYIJ,-0.3806566,-1.3406289,25.3258538016536,14.9393856327856
MUVGOA,-0.015040118,-3.4956968,40.7005190641518,18.8839260424119
NADZEZ,-1.1475265,-0.99388313,24.6086826953506,21.0832372965678
NAKLIW,-0.7304298,-2.2709458,32.3813117196137,13.6020960678161
NALWOO,-0.4315049,-0.54088664,16.6193424677815,13.5328126116374
NARTUX,-0.8383173,1.0152694,19.1735725906558,15.5368970603271
NASCIV,-0.18470195,-0.5669775,25.3959122495036,14.4774268915603
NEHZIK,-0.4790131,-0.84272027,18.9897771781192,12.0923798978441
NEVJEF,-0.60022545,-0.3084407,19.8309433220593,13.2369347743147
NIRDOI,-0.398321,-0.4252448,17.2916375023036,10.8251182617722
NISCOJ,-0.31130633,-1.2477958,23.7745389427745,12.352498053364
NOCKUM,-0.8812879,-1.3605149,27.553466713303,15.7049248276553
NUTQAV,-0.42468122,-2.7925866,40.5296141807193,18.5120140192633
NUTQEZ,-0.19782561,-2.5305536,39.696046294929,16.7232240132282
NUVWIL,-1.219814,-1.4949496,37.7687785856413,17.250000314317
NUYWOU,-0.25800425,-1.8529499,22.7474521046466,10.1181437753192
ODIXEG,-0.37708974,-1.8306997,28.8283109382969,14.6932569186242
ODODIW,-0.45655137,-1.3847201,24.3839753855861,13.2086028173499
OFORUX,-0.20000851,1.2029454,14.5739394407415,6.44563358530955
OFUYUL,-0.7706037,-2.6232235,38.5842590597174,15.8885191482834
OHAKIS,-0.2944359,-1.4614313,21.7664094119567,10.1689152463231
OHOLIH,-0.48556846,-0.58757186,21.4273694028419,17.6139839549704
OJICUG,-0.9135183,-4.178919,34.9276126794112,18.0239987899425
OSAXAI,-0.28457475,-0.41788816,19.5420914243317,11.414235728637
OTAVOV,-0.41747326,-0.975575,18.618376433657,12.5286720060216
OVICUS,-0.49095565,0.03590989,19.9754612643888,12.5581409186151
PAKXIK,-0.4712549,-1.9574206,24.1762200584405,14.2288717987548
PAMVEG,-0.41861084,-1.0830746,17.6662342118409,8.99780568595623
PAPXUB,-0.16444288,-0.6582756,14.211392924346,7.24049820587037
PASKAX,-0.32167596,-0.21103358,17.3391949950204,9.9433226778075
PASTOU,-0.16792779,-0.45501995,14.7466152857216,6.83829769599537
PEGBUA,-0.2154451,-0.80038476,21.9734777825168,10.923037623948
PELNEA01,-0.83336014,-0.34280276,22.8523164904788,14.5693157190869
PEMRIK,-0.3935403,-1.3241093,23.1599697344753,15.5345601719298
PEPXIS,-0.23582429,-1.2373941,29.3884608633493,12.8007399254704
PEVPUD,-0.5029463,-3.4793718,55.0725223685211,12.2483084488326
PEVQEO,-0.6909846,-3.330592,41.1103078889363,14.3980836140243
PIFPIE,-0.4338332,-1.4107115,22.6161913436569,13.9608277900499
PIHNUQ,-0.4810326,-0.80930185,18.2601028599375,10.8910959872042
PIJJOI,-0.361634,-1.2447073,19.3440082498368,10.6987724103897
PORVUO,-0.2849507,-0.86130404,19.3579247401619,10.4608796310413
PUQXUV,-0.7841288,-1.281522,19.4178265235788,12.4147163403598
PUQYAC,-0.78526837,-1.3005965,19.5333498977686,12.4180938400155
PUSDOX,-0.39406824,-0.8215561,19.6122561325545,12.8564046879963
PUWCUF,-0.6609926,-2.139428,18.7403027954581,16.3011023148798
QARTEK,-0.4349808,-1.1376193,15.0538543514297,9.90857628179767
QATHOK,-0.35415664,-1.3379123,18.8011315680726,9.7539562501325
QAVWAN,-0.38397744,-0.84185314,19.8390283985179,14.2308677393591
QESYOD,-0.17099153,0.4834454,14.2171322754011,8.50571341447004
QEVKOS,-0.18705775,-0.28546095,13.2673958614354,8.93420195102006
QEYWUN,-0.31801718,-0.95475125,24.6686574556067,13.2419425466039
QIFLUO,-0.4179503,-1.1763399,23.7746433567972,12.7115309660357
QOCRUW,-0.91339904,-1.6759188,27.8586914536138,21.8429415127551
QOJVAM,-0.082294896,-0.71576405,28.091544377013,6.11188943837085
QOKCID,-0.57631946,0.18331671,19.480202098325,13.8161012907177
QOMDUS,-1.1251137,-2.12098,35.9714178049849,19.1885199147631
QOMFAA,-0.5224517,-2.0151985,22.3001471484268,13.7857539512056
QUGNOV,-0.50969386,-0.20592046,21.2813062019249,12.2049512719255
QUJFUX,-0.52684605,-0.3373735,23.6129036479894,16.3107655844922
QUNMUI,0.20526922,-1.6512358,31.8218192910684,14.0404474395515
QUPHUF,-0.420691,-1.0856507,17.4795923325146,11.240658153426
QUQFIS,-0.5457272,-3.242617,37.4053560546691,16.8591798230795
QUQPIC,0.1328861,-3.3122923,34.9155348153771,9.15297248200076
QUQPOI,0.04156881,-2.4896266,41.8050334923271,14.1380046968727
QURSEC,-0.4493721,-1.2233918,21.0233851290928,12.4324149573959
QUVDUH,-1.3468015,-0.95164466,32.8354879429535,21.3456890567624
RABHAZ,-0.19483662,-2.4643657,21.0128677761421,8.44282762852636
RACZIG,-0.7038035,-0.14742231,27.056365306636,16.40743467219
RATDAS02,-1.3693596,-2.8858888,39.5450412077854,21.3315672755511
RAXCOK,-0.33496138,-1.571459,30.8426860424484,17.0867028585038
RAXDAX,-0.35874066,-0.48694873,18.9078368261281,9.8905685474163
RAZYIC,-0.08057204,0.10939717,18.7862075493288,10.5061011767047
RAZYOI,-0.15176003,-0.098474264,17.9036856052557,8.99972245759041
REDROI,-0.8320246,-1.3741558,35.8736327031772,17.0140156342926
REGLOG,-1.109711,-1.8287346,37.2218879194121,15.6426020236853
RELLAW,-0.33825237,-1.6212914,23.7777825174761,14.1976216977628
REYCOP,-0.31475282,-1.0769434,19.5027264501428,10.1405649258442
RIFDUG01,-0.7927967,-3.197862,42.0423197858309,19.3776852759503
RIPNIP,-1.0795175,-1.371412,25.3265072681717,13.9017128500345
RIVDEF,-0.57110184,-2.8946526,15.4565323511481,7.39511417128409
RUCGOM,-0.4801337,-0.52728105,15.5616008531547,13.2686705391177
RUFMUA,-1.0425994,-0.30178523,28.4787355208088,16.4597243498812
RUFMUA01,-1.0426507,-0.31320405,28.4284065572611,16.4443657269365
RUMWUS,-0.480381,-1.8987615,21.9781466514553,12.6921145544241
RURPEA,-0.027270634,-1.7481225,32.5025170699565,17.8061219555101
RURQEB,-0.59930474,-1.208771,27.2997941505633,16.239203813633
RUVMAX,-0.4673164,-1.5638163,29.0193135317996,15.8208334862826
SAHYOQ03,-0.691191,-3.3259819,41.1125422507982,14.3977832557904
SAHYOQ04,-0.6912026,-3.3266013,41.1154200169554,14.4112620682016
SAHYOQ05,-0.691154,-3.3259609,41.103041410312,14.397095617112
SAKRED,-0.7690072,-2.65539,32.1332336212703,14.0215911449847
SAMLAV02,-0.48217463,-2.1841319,26.5614436366764,13.9555366613465
SAMLAV03,-0.4804088,-2.0100677,25.4344976470968,13.7721267761279
SEFBOV,-0.77165294,-2.5897238,31.2627161639702,13.6054716908404
SEFSOM,-0.3114691,-0.9507227,17.4261863702053,8.22594063027384
SEHTEF,-1.010828,-2.828215,39.3761023431938,17.2645048090384
SENWAL,-0.71061647,-3.1479337,40.5055469270027,14.8298044920513
SENWIT,-0.72199434,-3.15916,41.2878884633358,14.8683708172442
SENWOZ,-0.71453226,-3.1300576,40.052645916469,14.9574108953317
SERJUV,-0.9493607,-1.1240399,24.6959947398801,21.3212000735848
SERKEG,-0.941695,-1.1387908,36.5128422282371,20.7256791186266
SEYDUW,-1.35576,-1.0981443,24.2855977198207,23.0659858410733
SUHHOT,-1.4532986,-0.44672084,35.5281532706808,27.576135195057
SUJQOE,-0.36123848,-1.1584666,19.1274878245258,11.0260518302654
SUJREV,-0.35485172,-1.0730057,19.2433226522349,12.5377886430496
SUKYIH,-0.31853274,-2.3044941,36.676150416545,19.0213546362564
TADCAE,-0.72216994,-0.3747735,28.6439036144786,17.7928326611421
TARWEO,-0.045641642,-0.45567322,44.9531395877172,12.7246675418957
TASXIW,-0.6680108,-1.7863071,27.5864238748208,16.6039579597318
TECTUS,-1.0432867,-1.6510575,33.2897744758005,16.7285818097045
TEDGOA,0.30627903,-2.5560296,75.5678429478834,25.7879470035651
TENLIJ,-0.5056734,-1.6133311,22.4425187216287,13.3020669512596
TERFUT,-0.3553589,-0.9940996,26.0332588042243,15.333630166316
TESGOO,-1.3680487,-2.8957994,39.0564428173684,21.1480193496573
TESGUU,-1.3682213,-2.7814415,37.7859089753191,20.88876630689
TESHAB,-1.3681058,-2.8850005,38.2688848453846,21.3512852958746
TETZID,-0.37773368,-0.6248181,17.1395106353034,9.3094632447697
TEVZEA,-1.3658125,-2.867685,39.2910031926506,21.3040008224267
TEVZIE,-1.3686098,-2.8930538,38.8568548188462,21.1103152806694
TEVZOK,-1.3690443,-2.8831246,38.8352945550953,21.1522921949801
TEVZUQ,-1.3686893,-2.8899066,39.1784725044049,21.270613110458
TOHYUL,-0.7773337,-1.4015467,20.4349483658802,14.385793806706
UBACOR,-0.43894553,-1.1561277,20.5999204091784,14.139634699238
UBACUX,-0.44057924,-1.1422603,20.6369621298579,14.0872003673141
UBUMAH,-0.48341286,-2.8435743,37.0811088746005,18.0179540821834
UKUBIM,-0.28867304,-1.399965,17.7772889694162,9.41367701617132
ULOGIL,-0.84046644,-0.70476794,27.1605017112526,18.1645803307569
UMEXUF,-1.0512089,-1.1977131,47.461612294984,22.6464192056907
UNIGEE,-0.68918514,-3.2965577,40.9854897376993,14.0916633486907
UTEWOG,0.08962126,-1.4454687,55.0788113292501,22.4159468838543
UTEWUM,0.12487802,-0.73071504,52.8834196392105,18.9142008409383
UTEXAT,0.07829641,-1.4662573,51.3332397070409,19.4761975234228
UVARIT,-0.26896718,-0.710629,18.0280313711826,10.3478247930543
UVAROZ,-0.26797503,-0.77565694,18.5625610747421,10.0322605272447
UVASAM,-0.2681563,-0.6957176,18.2538537072415,10.3812672617811
UVEXAV,-1.2424737,-0.8642533,52.128972241536,28.6849356611618
UVUPOR,-0.26847932,-1.0745151,24.2733018009262,14.1994456570358
UWELIS,-0.5197672,-3.019388,40.8177575831162,15.0108261580493
UXEQOE,-0.777456,-1.5588362,31.5559756039233,15.9326636954739
UXUZAP,-0.37356624,-1.4441321,30.0104584383688,16.0358972401764
VACFOV01,-0.64370793,-2.7001054,37.160881066009,13.905983469624
VACFUB01,-0.48412573,-1.2142799,20.5315191007287,12.5494469510183
VAGTUU,-0.40789896,-1.416199,39.7204720770715,15.16606514614
VAHSIH,-3.062345,-2.238993,21.4078455471551,26.9942975005252
VAPFOJ,-0.49879336,0.3721056,19.659422532944,14.8446249010468
VAPFUP,-0.47739327,0.5064099,20.6055813038448,17.5878999096231
VARRIP,-1.3344849,-1.0687766,32.8282062482932,21.4877523703982
VASKOR,-1.0413818,-2.4201052,28.3391134637932,16.1176461394264
VAZTOG,-0.6910698,-3.3284752,41.0562462964938,14.3928322001346
VEJYUF01,-0.15579373,-1.4886515,46.6642888360918,9.8671128864863
VEJYUF02,-0.15216714,-1.4400237,47.806963754526,9.69940290396982
VISTUM,-0.051652063,-0.72181416,15.8298557485895,8.170322396887
VONBIK,-0.32649797,-0.3954444,17.6817002158513,11.9172106708866
VUQKOI,-0.4048295,-1.6069796,15.0499706545627,7.89519440602056
VUQKUO,-0.3707915,-1.3065741,16.5587670333535,9.23742191541707
VUSKAW,-0.6913073,-3.328047,41.0643724171953,14.3986803970025
VUSKEA,-0.691173,-3.328337,41.106020059861,14.396328978226
WABTOK,-0.8348543,-1.6512206,15.7826685879288,6.90679667734158
WALBOC,-0.6198596,-0.9788165,28.5012968290482,18.5926523832411
WALBOC01,-0.6249503,-0.9769716,28.1461129115919,18.4836310308798
WALBOC02,-0.6228334,-0.95086503,28.9310945954728,18.7930722609257
WALCET,-0.6208363,-0.9698498,29.0837222300346,18.6425189769891
WEBREC,-0.35946706,-1.0651264,18.8711531843606,11.3539519462109
WECJAR,-0.3658762,-0.57831454,17.863854744442,10.2856040102834
WEMNAF,-0.4628529,-1.1268771,22.5383233411692,14.5041203273027
WENDIE,-0.31438178,-0.60496044,27.4732178954467,18.686563289039
WIDZOA,-0.34057263,-0.5817754,17.0801895220464,8.59454828507993
WIFBAQ,-0.34261644,-0.7469585,15.0832914321951,8.6350834998576
WIJDID,-0.4547934,1.2236935,11.0545106920261,4.53292037548055
WIYFAM,-0.32648975,-2.0142128,32.7235574613559,15.73018939178
WONZOP,-0.28102708,-1.6783488,21.004229369485,11.6728412835061
WONZUV,-0.47458625,-2.9660008,25.9260635836095,10.6040276833668
WOWGEU,-2.0405362,-0.7277839,38.8612387098999,22.4947195783431
XADGAM,-0.27118546,-1.5696552,21.9126200427518,11.8069691554121
XAMDUM07,-0.6478667,-2.7204692,37.5202495688517,17.2813456821867
XAWVUN,-0.2989933,-2.6951401,36.9592910356125,16.7291557971278
XAWZOM,-0.5298432,-0.9141383,19.9677974239907,10.5897981212334
XEDPIH,-0.21607694,-1.1608579,19.5029727032342,15.38949568226
XEHFUL,-2.5480762,-0.81282187,43.0916472434939,15.3559199613095
XEHFUL01,-2.546676,-0.81927514,43.9661202185953,15.4327917266227
XEHFUL02,-2.54971,-0.806262,43.1145764051415,15.3530034311154
XEHTUB,-0.64132315,0.52075887,29.9560493325482,15.4145236041293
XEJTIR,-0.24069628,-1.3964193,19.0369200664867,9.69577209114804
XENKIM,-0.6427212,-1.4281185,25.6778638767455,19.3859527212434
XEQRAO,-0.24028173,-0.20300102,18.7103166164119,10.8942025121996
XEXLOD,-0.44016322,-0.8194649,24.5013401353377,19.4533567243722
XEXMEU,-0.44135368,-0.9556875,25.1280485753721,20.2415394314042
XIBZUF,-0.7499326,-2.4823163,38.9824551867683,17.6920070752692
XIDBUJ,-0.36924508,-1.4161704,21.6170738144733,13.841047274309
XIMPOA,-0.34369358,-0.101000786,17.9758310740867,9.2481053975856
XINFUW,-0.5910902,-3.28664,33.3474832912958,14.8634415302311
XINHOT,-0.64358735,-0.53607273,20.9381405314295,19.8460217884805
XINWUO,-0.22540352,-1.3298895,26.510143865901,11.268486213718
XOJWEZ,-0.19546923,0.22531652,15.3486928701184,6.89009745469398
XOKHAH,-0.5401842,-0.4155357,23.2718647067726,12.4309715250259
XOVVEK,-0.48855013,-0.62579036,23.6435420898467,15.2509926214898
XOVVIO,-0.5590101,-0.3982103,26.698052209901,15.450470784116
XUGSEY,-0.31115103,-2.729802,36.071093201485,17.9050960862375
XUNGOD,-0.5985878,-1.8448455,25.0026370209396,12.5294320457159
XUNGUJ,-0.59549683,-1.9774187,26.3285586226687,12.274755812376
XUNHAQ,-0.5960365,-1.9779398,26.4997546931494,12.2890094482858
XUVHEB,-0.39008325,-1.4243538,20.1200382630647,12.0501667384927
XUWVEQ,-1.9350853,-1.490268,59.4954563332329,22.0113338260602
XUYXAR,-0.48449183,-0.3451078,20.5267631317507,13.6612380744275
YARKEJ,-0.3698179,-1.2682793,20.9864389911679,11.2994874329873
YARYEV,-0.20485091,-3.1367228,19.6883355940816,6.45590168801304
YARYOF,-0.15053843,-3.7834747,23.3554722290689,5.66524440843172
YASPEP,-0.34108308,-1.1086237,16.9674711268543,9.23281845752112
YAZFOW,-0.41125053,-1.6334684,34.5397057992485,21.2920631133913
YAZYEF,-1.0662513,0.33583164,27.5707084976265,18.0641817639262
YEGCUJ,-0.3150741,-0.7620833,19.608509672553,11.3741963237828
YEGKOM,-0.2288858,-1.4176033,32.9636046351007,14.3360507320196
YEGYIU,-0.24785566,0.21397734,16.5227309843667,7.57285715917819
YEKXET,-0.6160979,-2.5581977,34.4476375455031,15.7825646160154
YEZFIU,-0.15466297,-0.9751258,35.9744689316794,13.5513426441919
YUBFOR,-0.26173776,-0.5868614,19.200843495372,10.8661056448273
YUGLES,-0.42453933,-2.7934153,40.5268775342171,18.5253065302395
YUJNOH,-0.772276,-0.9496131,36.8651545000379,17.417511613421
YUKBIP01,-1.7464296,-1.0319357,25.5543373330716,16.0185156059703
ZARZAV,-0.58724505,-1.5328658,19.9780658853254,11.8331521219148
ZEDRAD,-1.4151826,-0.7964225,41.6220752891729,14.7915046658298
ZEDROR,-0.45411974,-1.5242369,19.2487481240182,11.8893273512644
ZERNAN,-0.67214143,-0.49623394,25.3497023401478,15.4160511160737
ZERQOE,-0.7161842,0.07904816,22.9718284442678,9.01033878002169
ZESFUY,-0.48849392,-2.1912825,23.1169082087874,11.6217842301868
ZIBGIC,-0.6108954,0.029673815,20.8567392345889,10.6374250832012
ZIDDIB,-0.71167445,-0.29841447,27.9744379544618,22.8380505034091
ZIKJIO,-0.4062536,-2.3279145,34.291842525144,18.2205493245596
ZISYAD,-0.08621794,0.119066,16.9534860841922,6.69721676574265
